Reward,Throughput,Latancy,PRBs,Penalty
-8.4,0.0,0.0,0.0,2.0
-8.4,0.0,0.0,0.0,2.0
-7.2,0.0,0.0,0.0,1.0
-9.6,0.0,0.0,0.0,3.0
-8.4,0.0,0.0,0.0,2.0
-8.4,0.0,0.0,0.0,2.0
-9.6,0.0,0.0,0.0,3.0
-7.2,0.0,0.0,0.0,1.0
-8.4,0.0,0.0,0.0,2.0
-8.4,0.0,0.0,0.0,2.0
-8.4,0.0,0.0,0.0,2.0
-8.4,0.0,0.0,0.0,2.0
-9.6,0.0,0.0,0.0,3.0
-7.2,0.0,0.0,0.0,1.0
-9.6,0.0,0.0,0.0,3.0
-9.6,0.0,0.0,0.0,3.0
-8.4,0.0,0.0,0.0,2.0
-9.6,0.0,0.0,0.0,3.0
-8.4,0.0,0.0,0.0,2.0
-9.6,0.0,0.0,0.0,3.0
-8.39952,0.0024,0.0,0.01,2.0
-7.2,0.0,0.0,0.0,1.0
-8.4,0.0,0.0,0.0,2.0
-7.2,0.0,0.0,0.0,1.0
-8.4,0.0,0.0,0.0,2.0
-9.6,0.0,0.0,0.0,3.0
-9.6,0.0,0.0,0.0,3.0
-8.4,0.0,0.0,0.0,2.0
-8.4,0.0,0.0,0.0,2.0
-7.2,0.0,0.0,0.0,1.0
-8.4,0.0,0.0,0.0,2.0
-8.4,0.0,0.0,0.0,2.0
-8.4,0.0,0.0,0.0,2.0
-9.6,0.0,0.0,0.005,3.0
-8.4,0.0,0.0,0.0,2.0
-9.6,0.0,0.0,0.0,3.0
-8.39952,0.0024,0.0,0.005,2.0
-9.6,0.0,0.0,0.0,3.0
-8.4,0.0,0.0,0.0,2.0
-8.4,0.0,0.0,0.0,2.0
-9.6,0.0,0.0,0.0,3.0
-8.4,0.0,0.0,0.0,2.0
-9.6,0.0,0.0,0.0,3.0
-9.6,0.0,0.0,0.0,3.0
-8.4,0.0,0.0,0.0,2.0
-7.2,0.0,0.0,0.0,1.0
-8.4,0.0,0.0,0.0,2.0
-7.2,0.0,0.0,0.0,1.0
-8.4,0.0,0.0,0.0,2.0
-7.2,0.0,0.0,0.0,1.0
-9.6,0.0,0.0,0.0,3.0
-7.2,0.0,0.0,0.0,1.0
-8.4,0.0,0.0,0.0,2.0
-7.2,0.0,0.0,0.0,1.0
-9.6,0.0,0.0,0.0,3.0
-9.6,0.0,0.0,0.0,3.0
-8.4,0.0,0.0,0.0,2.0
-8.39952,0.0024,0.0,0.005,2.0
-8.4,0.0,0.0,0.0,2.0
-7.2,0.0,0.0,0.0,1.0
-8.4,0.0,0.0,0.0,2.0
-9.6,0.0,0.0,0.0,3.0
-8.4,0.0,0.0,0.005,2.0
-7.18528,0.0736,0.4445,0.005,1.0
-9.6,0.0,0.0,0.0,3.0
-9.58528,0.0736,0.0,0.005,3.0
-7.2,0.0,0.0,0.0,1.0
-7.2,0.0,0.0,0.0,1.0
-7.2,0.0,0.0,0.0,1.0
-7.2,0.0,0.0,0.0,1.0
-7.2,0.0,0.0,0.0,1.0
-7.2,0.0,0.0,0.0,1.0
-7.2,0.0,0.0,0.0,1.0
-6.0,0.0,0.0,0.0,0.0
-7.2,0.0,0.0,0.0,1.0
-7.2,0.0,0.0,0.005,1.0
-8.4,0.0,0.0,0.0,2.0
-8.4,0.0,0.0,0.005,2.0
-8.4,0.0,0.0,0.0,2.0
-9.6,0.0,0.0,0.0,3.0
-7.2,0.0,0.0,0.0,1.0
-1.2,32.5224,2.1429099999999996,0.803,1.0
-1.2,32.284800000000004,2.94243,0.5489999999999999,1.0
-2.4,32.5104,1.6129600000000002,0.425,2.0
0.0,32.4904,1.3778,0.41200000000000003,0.0
-1.2,32.4904,1.5296,0.394,1.0
-2.4,32.6904,2.23982,0.374,2.0
-2.4,32.4904,1.58625,0.395,2.0
0.0,32.486399999999996,1.3706,0.379,0.0
-2.4,32.5024,2.90768,0.333,2.0
-3.6000001,32.486399999999996,1.4984,0.285,3.0
-1.2,32.4944,1.53773,0.23199999999999998,1.0
-2.4,32.4904,1.44495,0.18,2.0
0.0,32.5064,1.5663,0.196,0.0
0.0,32.486399999999996,1.3933,0.19,0.0
0.0,32.4944,1.069,0.2,0.0
-0.31552,30.08,1.9804,0.199,0.0
-1.2,32.486399999999996,1.2439500000000001,0.201,1.0
-1.27488,31.2832,1.5872,0.174,1.0
-1.2,32.490399999999994,1.14345,0.2,1.0
0.0,32.486399999999996,1.1372499999999999,0.201,0.0
0.0,32.486399999999996,1.484,0.201,0.0
0.0,32.4944,1.84555,0.20500000000000002,0.0
-3.6000001,32.9184,1.26983,0.21100000000000002,3.0
0.0,32.486399999999996,1.4704,0.199,0.0
-1.2,32.486399999999996,1.27955,0.192,1.0
-0.07488,31.9856,1.9266299999999998,0.201,0.0
-2.4,32.4944,1.6997999999999998,0.201,2.0
-2.62464,28.876800000000003,1.226,0.17400000000000002,2.0
0.0,37.372,1.18625,0.20600000000000002,0.0
-0.14976,30.08,1.27225,0.16,0.0
-1.5155201,30.08,0.62466,0.16799999999999998,1.0
0.0,32.486399999999996,1.0899999999999999,0.192,0.0
-1.2,33.6896,1.5835,0.199,1.0
-1.42464,28.876800000000003,1.0113400000000001,0.17400000000000002,1.0
-1.2,32.490399999999994,0.7183299999999999,0.192,1.0
-1.34976,31.2832,1.31917,0.186,1.0
-1.3296001,31.0096,0.735,0.185,1.0
-1.27488,32.4864,0.95183,0.182,1.0
-0.04496,32.635999999999996,1.151,0.203,0.0
-1.34976,30.08,1.09191,0.18,1.0
-1.21936,32.763999999999996,1.3871,0.193,1.0
0.0,33.6896,1.4571,0.199,0.0
-1.5604799,29.026400000000002,1.25767,0.175,1.0
0.0,34.8928,1.39485,0.20400000000000001,0.0
-0.07488,32.4864,1.0771499999999998,0.192,0.0
-1.34976,30.08,1.64383,0.199,1.0
-0.31552,29.2952,1.4584000000000001,0.176,0.0
-2.4,33.6896,1.2647,0.198,2.0
-1.2,33.6896,1.3251499999999998,0.198,1.0
-1.27488,31.2832,1.28635,0.176,1.0
-0.08864,32.0752,1.26148,0.202,0.0
0.0,33.6896,2.3465,0.188,0.0
-0.14976,29.806400000000004,0.96775,0.169,0.0
-0.01936,33.9672,1.5484,0.199,0.0
-0.0744,32.4912,2.7155,0.177,0.0
-0.07488,31.214399999999998,1.1163299999999998,0.187,0.0
-0.31552,31.0096,1.28007,0.185,0.0
-1.21936,32.763999999999996,1.5197999999999998,0.22200000000000003,1.0
-2.4,33.6896,1.3765,0.20800000000000002,2.0
-1.27488,31.2832,1.25458,0.186,1.0
-1.2,33.6896,1.44115,0.188,1.0
0.0,33.6896,1.22025,0.20800000000000002,0.0
-0.07968,31.706399999999995,1.285,0.187,0.0
-0.14976,30.08,1.01,0.199,0.0
-0.07488,30.8712,1.64365,0.21000000000000002,0.0
-1.27488,31.2832,1.1964,0.188,1.0
-0.07488,31.2832,1.2298499999999999,0.187,0.0
0.0,33.6896,1.6018,0.179,0.0
-0.14976,31.0096,0.8438699999999999,0.185,0.0
-0.33488,29.154399999999995,1.19153,0.183,0.0
-0.3896,29.9384,2.19037,0.195,0.0
0.0,35.8224,1.3906,0.21900000000000003,0.0
-1.2,33.6896,1.3944,0.188,1.0
-0.3904,28.876800000000003,1.05842,0.171,0.0
-1.2,34.8928,1.2015,0.21200000000000002,1.0
-1.42496,29.704,1.22963,0.175,1.0
-0.07488,34.6192,1.2690000000000001,0.21300000000000002,0.0
-1.2,33.6896,1.3494,0.198,1.0
-0.31472,30.083999999999996,1.02675,0.176,0.0
-1.27488,33.416000000000004,1.08427,0.196,1.0
-2.54976,30.08,0.5940000000000001,0.20600000000000002,2.0
-0.33392,29.1616,1.46187,0.177,0.0
-0.33488,29.154400000000003,2.2920499999999997,0.191,0.0
-0.01936,33.967200000000005,1.7417500000000001,0.188,0.0
-0.63104,27.6736,0.86093,0.174,0.0
-0.14976,30.08,1.34308,0.197,0.0
-1.27488,32.4864,1.0240799999999999,0.20700000000000002,1.0
-0.07488,31.2832,1.1637499999999998,0.202,0.0
0.0,32.486399999999996,1.5692,0.22899999999999998,0.0
0.0,32.4904,2.22265,0.20400000000000001,0.0
0.0,36.096,1.0311000000000001,0.22700000000000004,0.0
0.0,32.4904,1.6183999999999998,0.22900000000000004,0.0
-0.31552,33.6896,1.279,0.215,0.0
-0.07328,31.2992,1.6269999999999998,0.198,0.0
0.0,32.486399999999996,1.32105,0.20800000000000002,0.0
0.0,33.6896,2.2209,0.20500000000000002,0.0
-1.27488,31.2832,1.17145,0.203,1.0
-1.2,32.486399999999996,2.6022499999999997,0.177,1.0
0.0,32.4904,1.452,0.2,0.0
0.0,32.4904,1.87125,0.189,0.0
0.0,32.486399999999996,1.6882000000000001,0.226,0.0
0.0,32.4904,1.642,0.20800000000000002,0.0
0.0,32.490399999999994,1.6535800000000003,0.2,0.0
0.0,32.486399999999996,1.2226,0.21000000000000002,0.0
0.0,32.486399999999996,1.6191999999999998,0.21200000000000002,0.0
0.0,32.486399999999996,1.2402,0.21200000000000002,0.0
0.0,32.486399999999996,1.5883999999999998,0.242,0.0
0.0,32.4904,1.55463,0.21200000000000002,0.0
0.0,32.4904,1.63767,0.193,0.0
0.0,32.486399999999996,1.4812,0.22199999999999998,0.0
0.0,32.486399999999996,1.3756,0.21100000000000002,0.0
0.0,32.486399999999996,1.4419000000000002,0.21100000000000002,0.0
0.0,32.490399999999994,1.64495,0.189,0.0
-0.07488,31.2872,2.74565,0.199,0.0
0.0,32.486399999999996,1.6299,0.20900000000000002,0.0
0.0,32.486399999999996,1.2364,0.19,0.0
0.0,32.486399999999996,0.9242,0.199,0.0
0.0,32.486399999999996,2.98475,0.216,0.0
0.0,32.4944,2.7332,0.212,0.0
0.0,32.486399999999996,1.1772,0.187,0.0
-1.2,32.486399999999996,1.3296000000000001,0.20800000000000002,1.0
0.0,32.4904,1.4941,0.20800000000000002,0.0
0.0,32.4904,1.6236,0.22900000000000004,0.0
0.0,32.486399999999996,1.1632500000000001,0.22800000000000004,0.0
-1.42304,28.8848,1.7287999999999997,0.186,1.0
0.0,32.486399999999996,2.8524,0.20500000000000002,0.0
0.0,32.4984,1.6527,0.20600000000000002,0.0
0.0,32.4904,1.7804,0.21800000000000003,0.0
0.0,32.4944,1.3792499999999999,0.20800000000000002,0.0
0.0,32.4904,1.63375,0.21800000000000003,0.0
0.0,32.486399999999996,1.49805,0.257,0.0
-1.27408,31.2872,1.4602000000000002,0.203,1.0
0.0,32.486399999999996,1.7595,0.21900000000000003,0.0
0.0,32.486399999999996,3.06325,0.194,0.0
0.0,32.486399999999996,1.4529999999999998,0.189,0.0
-1.27488,31.2832,2.87075,0.179,1.0
0.0,32.486399999999996,1.7347,0.21899999999999997,0.0
0.0,32.4904,2.50753,0.206,0.0
0.0,32.4904,2.9221500000000002,0.206,0.0
0.0,32.486399999999996,1.49425,0.21700000000000003,0.0
0.0,32.486399999999996,1.4160499999999998,0.21700000000000003,0.0
-2.4,32.486399999999996,1.5594999999999999,0.21900000000000003,2.0
0.0,32.486399999999996,1.23895,0.20900000000000002,0.0
0.0,32.486399999999996,1.3640500000000002,0.20900000000000002,0.0
0.0,32.486399999999996,1.60175,0.20900000000000002,0.0
-1.2,32.486399999999996,1.3092000000000001,0.20800000000000002,1.0
0.0,32.486399999999996,1.2106,0.20900000000000002,0.0
-2.4,32.486399999999996,1.0048,0.21900000000000003,2.0
-1.27488,31.2832,1.5867,0.191,1.0
0.0,33.697599999999994,1.5931,0.194,0.0
0.0,32.486399999999996,0.9777499999999999,0.20800000000000002,0.0
-1.2,32.4984,1.76933,0.192,1.0
0.0,32.4944,1.3896000000000002,0.195,0.0
-0.07488,31.295199999999994,1.98267,0.20800000000000002,0.0
0.0,32.4944,3.14685,0.197,0.0
-0.07488,31.291199999999996,1.33032,0.199,0.0
0.0,32.4904,1.2395999999999998,0.2,0.0
0.0,32.486399999999996,1.0808,0.21900000000000003,0.0
0.0,32.486399999999996,1.2197500000000001,0.20800000000000002,0.0
0.0,33.6896,1.1072,0.235,0.0
0.0,32.486399999999996,1.235,0.21400000000000002,0.0
-0.07488,31.2872,2.14607,0.20900000000000002,0.0
0.0,32.4904,1.18425,0.20600000000000002,0.0
0.0,32.4944,2.16535,0.229,0.0
0.0,32.4944,1.7687,0.226,0.0
-1.2,32.4944,1.6731,0.20600000000000002,1.0
-0.07488,31.2872,1.7315,0.21100000000000002,0.0
0.0,32.4944,1.4687999999999999,0.20600000000000002,0.0
0.0,32.486399999999996,1.6094,0.198,0.0
-1.2,32.486399999999996,1.28205,0.20900000000000002,1.0
0.0,33.7016,2.72225,0.215,0.0
0.0,32.4944,1.6423999999999999,0.216,0.0
-0.07488,33.7016,1.21829,0.202,0.0
0.0,32.4984,1.7038300000000002,0.20500000000000002,0.0
0.0,32.4944,1.5481500000000001,0.20600000000000002,0.0
0.0,32.4904,2.49208,0.206,0.0
0.0,33.6896,1.346,0.21700000000000003,0.0
Reward,Throughput,Latancy,PRBs,Penalty
-8.4,0.0,0.0,0.0,2.0
-8.4,0.0,0.0,0.0,2.0
-7.2,0.0,0.0,0.0,1.0
-9.6,0.0,0.0,0.0,3.0
-8.4,0.0,0.0,0.0,2.0
-8.4,0.0,0.0,0.0,2.0
-9.6,0.0,0.0,0.0,3.0
-7.2,0.0,0.0,0.0,1.0
-8.4,0.0,0.0,0.0,2.0
-8.4,0.0,0.0,0.0,2.0
-8.4,0.0,0.0,0.0,2.0
-8.4,0.0,0.0,0.0,2.0
-9.6,0.0,0.0,0.0,3.0
-7.2,0.0,0.0,0.0,1.0
-9.6,0.0,0.0,0.0,3.0
-9.6,0.0,0.0,0.0,3.0
-8.4,0.0,0.0,0.0,2.0
-9.6,0.0,0.0,0.0,3.0
-8.4,0.0,0.0,0.0,2.0
-9.6,0.0,0.0,0.0,3.0
-8.39952,0.0024,0.0,0.01,2.0
-7.2,0.0,0.0,0.0,1.0
-8.4,0.0,0.0,0.0,2.0
-7.2,0.0,0.0,0.0,1.0
-8.4,0.0,0.0,0.0,2.0
-9.6,0.0,0.0,0.0,3.0
-9.6,0.0,0.0,0.0,3.0
-8.4,0.0,0.0,0.0,2.0
-8.4,0.0,0.0,0.0,2.0
-7.2,0.0,0.0,0.0,1.0
-8.4,0.0,0.0,0.0,2.0
-8.4,0.0,0.0,0.0,2.0
-8.4,0.0,0.0,0.0,2.0
-9.6,0.0,0.0,0.005,3.0
-8.4,0.0,0.0,0.0,2.0
-9.6,0.0,0.0,0.0,3.0
-8.39952,0.0024,0.0,0.005,2.0
-9.6,0.0,0.0,0.0,3.0
-8.4,0.0,0.0,0.0,2.0
-8.4,0.0,0.0,0.0,2.0
-9.6,0.0,0.0,0.0,3.0
-8.4,0.0,0.0,0.0,2.0
-9.6,0.0,0.0,0.0,3.0
-9.6,0.0,0.0,0.0,3.0
-8.4,0.0,0.0,0.0,2.0
-7.2,0.0,0.0,0.0,1.0
-8.4,0.0,0.0,0.0,2.0
-7.2,0.0,0.0,0.0,1.0
-8.4,0.0,0.0,0.0,2.0
-7.2,0.0,0.0,0.0,1.0
-9.6,0.0,0.0,0.0,3.0
-7.2,0.0,0.0,0.0,1.0
-8.4,0.0,0.0,0.0,2.0
-7.2,0.0,0.0,0.0,1.0
-9.6,0.0,0.0,0.0,3.0
-9.6,0.0,0.0,0.0,3.0
-8.4,0.0,0.0,0.0,2.0
-8.39952,0.0024,0.0,0.005,2.0
-8.4,0.0,0.0,0.0,2.0
-7.2,0.0,0.0,0.0,1.0
-8.4,0.0,0.0,0.0,2.0
-9.6,0.0,0.0,0.0,3.0
-8.4,0.0,0.0,0.005,2.0
-7.18528,0.0736,0.4445,0.005,1.0
-9.6,0.0,0.0,0.0,3.0
-9.58528,0.0736,0.0,0.005,3.0
-7.2,0.0,0.0,0.0,1.0
-7.2,0.0,0.0,0.0,1.0
-7.2,0.0,0.0,0.0,1.0
-7.2,0.0,0.0,0.0,1.0
-7.2,0.0,0.0,0.0,1.0
-7.2,0.0,0.0,0.0,1.0
-7.2,0.0,0.0,0.0,1.0
-6.0,0.0,0.0,0.0,0.0
-7.2,0.0,0.0,0.0,1.0
-7.2,0.0,0.0,0.005,1.0
-8.4,0.0,0.0,0.0,2.0
-8.4,0.0,0.0,0.005,2.0
-8.4,0.0,0.0,0.0,2.0
-9.6,0.0,0.0,0.0,3.0
-7.2,0.0,0.0,0.0,1.0
-1.2,32.5224,2.1429099999999996,0.803,1.0
-1.2,32.284800000000004,2.94243,0.5489999999999999,1.0
-2.4,32.5104,1.6129600000000002,0.425,2.0
0.0,32.4904,1.3778,0.41200000000000003,0.0
-1.2,32.4904,1.5296,0.394,1.0
-2.4,32.6904,2.23982,0.374,2.0
-2.4,32.4904,1.58625,0.395,2.0
0.0,32.486399999999996,1.3706,0.379,0.0
-2.4,32.5024,2.90768,0.333,2.0
-3.6000001,32.486399999999996,1.4984,0.285,3.0
-1.2,32.4944,1.53773,0.23199999999999998,1.0
-2.4,32.4904,1.44495,0.18,2.0
0.0,32.5064,1.5663,0.196,0.0
0.0,32.486399999999996,1.3933,0.19,0.0
0.0,32.4944,1.069,0.2,0.0
-0.31552,30.08,1.9804,0.199,0.0
-1.2,32.486399999999996,1.2439500000000001,0.201,1.0
-1.27488,31.2832,1.5872,0.174,1.0
-1.2,32.490399999999994,1.14345,0.2,1.0
0.0,32.486399999999996,1.1372499999999999,0.201,0.0
0.0,32.486399999999996,1.484,0.201,0.0
0.0,32.4944,1.84555,0.20500000000000002,0.0
-3.6000001,32.9184,1.26983,0.21100000000000002,3.0
0.0,32.486399999999996,1.4704,0.199,0.0
-1.2,32.486399999999996,1.27955,0.192,1.0
-0.07488,31.9856,1.9266299999999998,0.201,0.0
-2.4,32.4944,1.6997999999999998,0.201,2.0
-2.62464,28.876800000000003,1.226,0.17400000000000002,2.0
0.0,37.372,1.18625,0.20600000000000002,0.0
-0.14976,30.08,1.27225,0.16,0.0
-1.5155201,30.08,0.62466,0.16799999999999998,1.0
0.0,32.486399999999996,1.0899999999999999,0.192,0.0
-1.2,33.6896,1.5835,0.199,1.0
-1.42464,28.876800000000003,1.0113400000000001,0.17400000000000002,1.0
-1.2,32.490399999999994,0.7183299999999999,0.192,1.0
-1.34976,31.2832,1.31917,0.186,1.0
-1.3296001,31.0096,0.735,0.185,1.0
-1.27488,32.4864,0.95183,0.182,1.0
-0.04496,32.635999999999996,1.151,0.203,0.0
-1.34976,30.08,1.09191,0.18,1.0
-1.21936,32.763999999999996,1.3871,0.193,1.0
0.0,33.6896,1.4571,0.199,0.0
-1.5604799,29.026400000000002,1.25767,0.175,1.0
0.0,34.8928,1.39485,0.20400000000000001,0.0
-0.07488,32.4864,1.0771499999999998,0.192,0.0
-1.34976,30.08,1.64383,0.199,1.0
-0.31552,29.2952,1.4584000000000001,0.176,0.0
-2.4,33.6896,1.2647,0.198,2.0
-1.2,33.6896,1.3251499999999998,0.198,1.0
-1.27488,31.2832,1.28635,0.176,1.0
-0.08864,32.0752,1.26148,0.202,0.0
0.0,33.6896,2.3465,0.188,0.0
-0.14976,29.806400000000004,0.96775,0.169,0.0
-0.01936,33.9672,1.5484,0.199,0.0
-0.0744,32.4912,2.7155,0.177,0.0
-0.07488,31.214399999999998,1.1163299999999998,0.187,0.0
-0.31552,31.0096,1.28007,0.185,0.0
-1.21936,32.763999999999996,1.5197999999999998,0.22200000000000003,1.0
-2.4,33.6896,1.3765,0.20800000000000002,2.0
-1.27488,31.2832,1.25458,0.186,1.0
-1.2,33.6896,1.44115,0.188,1.0
0.0,33.6896,1.22025,0.20800000000000002,0.0
-0.07968,31.706399999999995,1.285,0.187,0.0
-0.14976,30.08,1.01,0.199,0.0
-0.07488,30.8712,1.64365,0.21000000000000002,0.0
-1.27488,31.2832,1.1964,0.188,1.0
-0.07488,31.2832,1.2298499999999999,0.187,0.0
0.0,33.6896,1.6018,0.179,0.0
-0.14976,31.0096,0.8438699999999999,0.185,0.0
-0.33488,29.154399999999995,1.19153,0.183,0.0
-0.3896,29.9384,2.19037,0.195,0.0
0.0,35.8224,1.3906,0.21900000000000003,0.0
-1.2,33.6896,1.3944,0.188,1.0
-0.3904,28.876800000000003,1.05842,0.171,0.0
-1.2,34.8928,1.2015,0.21200000000000002,1.0
-1.42496,29.704,1.22963,0.175,1.0
-0.07488,34.6192,1.2690000000000001,0.21300000000000002,0.0
-1.2,33.6896,1.3494,0.198,1.0
-0.31472,30.083999999999996,1.02675,0.176,0.0
-1.27488,33.416000000000004,1.08427,0.196,1.0
-2.54976,30.08,0.5940000000000001,0.20600000000000002,2.0
-0.33392,29.1616,1.46187,0.177,0.0
-0.33488,29.154400000000003,2.2920499999999997,0.191,0.0
-0.01936,33.967200000000005,1.7417500000000001,0.188,0.0
-0.63104,27.6736,0.86093,0.174,0.0
-0.14976,30.08,1.34308,0.197,0.0
-1.27488,32.4864,1.0240799999999999,0.20700000000000002,1.0
-0.07488,31.2832,1.1637499999999998,0.202,0.0
0.0,32.486399999999996,1.5692,0.22899999999999998,0.0
0.0,32.4904,2.22265,0.20400000000000001,0.0
0.0,36.096,1.0311000000000001,0.22700000000000004,0.0
0.0,32.4904,1.6183999999999998,0.22900000000000004,0.0
-0.31552,33.6896,1.279,0.215,0.0
-0.07328,31.2992,1.6269999999999998,0.198,0.0
0.0,32.486399999999996,1.32105,0.20800000000000002,0.0
0.0,33.6896,2.2209,0.20500000000000002,0.0
-1.27488,31.2832,1.17145,0.203,1.0
-1.2,32.486399999999996,2.6022499999999997,0.177,1.0
0.0,32.4904,1.452,0.2,0.0
0.0,32.4904,1.87125,0.189,0.0
0.0,32.486399999999996,1.6882000000000001,0.226,0.0
0.0,32.4904,1.642,0.20800000000000002,0.0
0.0,32.490399999999994,1.6535800000000003,0.2,0.0
0.0,32.486399999999996,1.2226,0.21000000000000002,0.0
0.0,32.486399999999996,1.6191999999999998,0.21200000000000002,0.0
0.0,32.486399999999996,1.2402,0.21200000000000002,0.0
0.0,32.486399999999996,1.5883999999999998,0.242,0.0
0.0,32.4904,1.55463,0.21200000000000002,0.0
0.0,32.4904,1.63767,0.193,0.0
0.0,32.486399999999996,1.4812,0.22199999999999998,0.0
0.0,32.486399999999996,1.3756,0.21100000000000002,0.0
0.0,32.486399999999996,1.4419000000000002,0.21100000000000002,0.0
0.0,32.490399999999994,1.64495,0.189,0.0
-0.07488,31.2872,2.74565,0.199,0.0
0.0,32.486399999999996,1.6299,0.20900000000000002,0.0
0.0,32.486399999999996,1.2364,0.19,0.0
0.0,32.486399999999996,0.9242,0.199,0.0
0.0,32.486399999999996,2.98475,0.216,0.0
0.0,32.4944,2.7332,0.212,0.0
0.0,32.486399999999996,1.1772,0.187,0.0
-1.2,32.486399999999996,1.3296000000000001,0.20800000000000002,1.0
0.0,32.4904,1.4941,0.20800000000000002,0.0
0.0,32.4904,1.6236,0.22900000000000004,0.0
0.0,32.486399999999996,1.1632500000000001,0.22800000000000004,0.0
-1.42304,28.8848,1.7287999999999997,0.186,1.0
0.0,32.486399999999996,2.8524,0.20500000000000002,0.0
0.0,32.4984,1.6527,0.20600000000000002,0.0
0.0,32.4904,1.7804,0.21800000000000003,0.0
0.0,32.4944,1.3792499999999999,0.20800000000000002,0.0
0.0,32.4904,1.63375,0.21800000000000003,0.0
0.0,32.486399999999996,1.49805,0.257,0.0
-1.27408,31.2872,1.4602000000000002,0.203,1.0
0.0,32.486399999999996,1.7595,0.21900000000000003,0.0
0.0,32.486399999999996,3.06325,0.194,0.0
0.0,32.486399999999996,1.4529999999999998,0.189,0.0
-1.27488,31.2832,2.87075,0.179,1.0
0.0,32.486399999999996,1.7347,0.21899999999999997,0.0
0.0,32.4904,2.50753,0.206,0.0
0.0,32.4904,2.9221500000000002,0.206,0.0
0.0,32.486399999999996,1.49425,0.21700000000000003,0.0
0.0,32.486399999999996,1.4160499999999998,0.21700000000000003,0.0
-2.4,32.486399999999996,1.5594999999999999,0.21900000000000003,2.0
0.0,32.486399999999996,1.23895,0.20900000000000002,0.0
0.0,32.486399999999996,1.3640500000000002,0.20900000000000002,0.0
0.0,32.486399999999996,1.60175,0.20900000000000002,0.0
-1.2,32.486399999999996,1.3092000000000001,0.20800000000000002,1.0
0.0,32.486399999999996,1.2106,0.20900000000000002,0.0
-2.4,32.486399999999996,1.0048,0.21900000000000003,2.0
-1.27488,31.2832,1.5867,0.191,1.0
0.0,33.697599999999994,1.5931,0.194,0.0
0.0,32.486399999999996,0.9777499999999999,0.20800000000000002,0.0
-1.2,32.4984,1.76933,0.192,1.0
0.0,32.4944,1.3896000000000002,0.195,0.0
-0.07488,31.295199999999994,1.98267,0.20800000000000002,0.0
0.0,32.4944,3.14685,0.197,0.0
-0.07488,31.291199999999996,1.33032,0.199,0.0
0.0,32.4904,1.2395999999999998,0.2,0.0
0.0,32.486399999999996,1.0808,0.21900000000000003,0.0
0.0,32.486399999999996,1.2197500000000001,0.20800000000000002,0.0
0.0,33.6896,1.1072,0.235,0.0
0.0,32.486399999999996,1.235,0.21400000000000002,0.0
-0.07488,31.2872,2.14607,0.20900000000000002,0.0
0.0,32.4904,1.18425,0.20600000000000002,0.0
0.0,32.4944,2.16535,0.229,0.0
0.0,32.4944,1.7687,0.226,0.0
-1.2,32.4944,1.6731,0.20600000000000002,1.0
-0.07488,31.2872,1.7315,0.21100000000000002,0.0
0.0,32.4944,1.4687999999999999,0.20600000000000002,0.0
0.0,32.486399999999996,1.6094,0.198,0.0
-1.2,32.486399999999996,1.28205,0.20900000000000002,1.0
0.0,33.7016,2.72225,0.215,0.0
0.0,32.4944,1.6423999999999999,0.216,0.0
-0.07488,33.7016,1.21829,0.202,0.0
0.0,32.4984,1.7038300000000002,0.20500000000000002,0.0
0.0,32.4944,1.5481500000000001,0.20600000000000002,0.0
0.0,32.4904,2.49208,0.206,0.0
0.0,33.6896,1.346,0.21700000000000003,0.0
Reward,Throughput,Latancy,PRBs,Penalty
Reward,Throughput,Latancy,PRBs,Penalty
-4.47488,20.4544,1.2516699999999998,0.151,2.0
-4.4,21.6576,1.3,0.136,2.0
-3.2,21.6576,1.391,0.136,1.0
-5.67488,20.4544,1.39833,0.131,3.0
-4.4,21.6576,1.04,0.16599999999999998,2.0
-4.4,21.66,1.112,0.14,2.0
-5.6000004,21.6576,0.865,0.135,3.0
-3.2,21.6576,0.90933,0.126,1.0
-2.4,52.048,3.47822,0.365,2.0
-2.4,54.147999999999996,1.56262,0.362,2.0
-1.2,52.999199999999995,1.8694799999999998,0.34900000000000003,1.0
-2.4,55.3632,1.58684,0.331,2.0
-3.6000001,51.7376,1.84904,0.305,3.0
-1.2,50.5424,2.1425,0.31,1.0
-3.6000001,50.562400000000004,3.13809,0.277,3.0
-3.6000001,55.3472,1.86938,0.35400000000000004,3.0
-1.2,54.144,1.71893,0.307,1.0
-2.4,54.152,2.05781,0.3,2.0
-1.2,52.331999999999994,1.9971700000000001,0.339,1.0
-2.4,55.3472,1.97812,0.34700000000000003,2.0
-1.2,51.226400000000005,4.20584,0.279,1.0
-1.2,52.940799999999996,1.5350000000000001,0.324,1.0
-2.4,54.147999999999996,2.22997,0.375,2.0
0.0,54.144,1.673,0.34900000000000003,0.0
-2.4,52.940799999999996,1.82702,0.34500000000000003,2.0
-2.4,55.3472,1.6696900000000001,0.34700000000000003,2.0
-3.6000001,55.3472,3.07023,0.332,3.0
-1.2,50.550399999999996,2.28724,0.322,1.0
-2.4,54.156,1.76645,0.312,2.0
0.0,55.351200000000006,1.85033,0.366,0.0
-0.07488,54.163999999999994,3.1367299999999996,0.318,0.0
-2.4,52.940799999999996,1.98621,0.314,2.0
-0.07488,51.73759999999999,2.94656,0.331,0.0
-5.6000004,52.940799999999996,2.05115,0.346,3.0
-4.4,51.7376,2.02238,0.33,2.0
-5.6000004,54.144,2.6732299999999998,0.314,3.0
-4.4,52.8832,3.04828,0.331,2.0
-2.0,52.9688,3.03487,0.311,0.0
-4.4,52.9448,3.2244899999999994,0.361,2.0
-2.0,54.144,1.58787,0.331,0.0
-5.6000004,52.948800000000006,2.03627,0.324,3.0
-2.0,50.5384,2.07836,0.312,0.0
-3.2,56.5544,1.8946699999999999,0.36500000000000005,1.0
-4.4,57.7696,1.9913299999999998,0.36000000000000004,2.0
-2.0,55.3632,2.14217,0.343,0.0
-2.0,55.355199999999996,1.9948499999999998,0.339,0.0
-2.0,55.3672,2.06573,0.34900000000000003,0.0
-2.0,56.55279999999999,1.74199,0.34900000000000003,0.0
-4.4,49.3352,2.72402,0.306,2.0
-6.8,55.3592,1.7715500000000002,0.356,4.0
-4.4,54.147999999999996,1.9196999999999997,0.364,2.0
-5.6000004,50.540800000000004,1.9228299999999998,0.298,3.0
-3.2,56.5584,1.83281,0.35300000000000004,1.0
-2.0,51.7496,2.37525,0.317,0.0
-6.87488,51.73759999999999,1.42684,0.35200000000000004,4.0
-4.47488,55.4648,2.02145,0.341,2.0
-4.4,55.3712,1.94056,0.339,2.0
-5.67488,50.5344,1.83887,0.333,3.0
-3.2,54.144,2.13694,0.334,1.0
-1.2,54.156,2.08666,0.343,1.0
-1.27488,51.7416,1.70378,0.34,1.0
-2.4,51.741600000000005,1.92279,0.36000000000000004,2.0
-1.27488,52.944799999999994,1.867,0.334,1.0
0.0,54.147999999999996,2.39359,0.36400000000000005,0.0
-1.27488,52.940799999999996,1.75825,0.355,1.0
-1.2,52.940799999999996,1.84481,0.35200000000000004,1.0
-3.6000001,52.9448,1.95251,0.33,3.0
-2.4,52.940799999999996,1.6810699999999998,0.34,2.0
-2.4748802,52.940799999999996,1.7406700000000002,0.39699999999999996,2.0
-2.4,54.147999999999996,2.22239,0.383,2.0
-1.2,54.144,1.61542,0.37000000000000005,1.0
-1.2,54.172,2.66018,0.331,1.0
-1.2,55.3512,1.9129200000000002,0.36800000000000005,1.0
-2.4748802,54.152,2.0828800000000003,0.387,2.0
-1.2,52.940799999999996,1.9088700000000003,0.331,1.0
-1.2,52.940799999999996,1.9095,0.329,1.0
-1.2,54.144,1.9244400000000002,0.342,1.0
-1.2,52.9432,2.1415,0.329,1.0
-2.4,55.3512,1.64105,0.39399999999999996,2.0
-1.2,52.940799999999996,1.46861,0.35400000000000004,1.0
-2.4748802,49.3312,2.01275,0.3,2.0
-2.4,52.940799999999996,1.78307,0.378,2.0
-0.07488,50.5384,2.1578299999999997,0.336,0.0
-1.2,51.7376,1.94894,0.331,1.0
-1.27488,52.9408,2.09316,0.327,1.0
0.0,55.3512,1.7481399999999998,0.387,0.0
0.0,55.3472,1.8090000000000002,0.35600000000000004,0.0
-0.07488,50.5344,2.18685,0.33,0.0
-0.07488,46.9288,3.2730200000000003,0.303,0.0
-1.27488,50.542399999999994,2.1030699999999998,0.326,1.0
-1.2,55.35119999999999,1.76429,0.376,1.0
0.0,55.3512,1.64141,0.388,0.0
-0.07488,54.156,2.0051200000000002,0.333,0.0
0.0,54.156,1.8094000000000001,0.35400000000000004,0.0
0.0,52.952799999999996,2.0950699999999998,0.342,0.0
0.0,54.144,1.6011,0.36100000000000004,0.0
0.0,52.940799999999996,1.55325,0.36500000000000005,0.0
0.0,52.9528,1.8163500000000001,0.36400000000000005,0.0
-0.07488,52.9408,1.59558,0.39099999999999996,0.0
0.0,52.9472,2.85779,0.35300000000000004,0.0
0.0,51.7376,1.81527,0.335,0.0
0.0,52.948800000000006,2.18864,0.365,0.0
-1.2,54.144,1.57825,0.37200000000000005,1.0
-0.07488,54.148,1.65361,0.378,0.0
-0.07488,52.9488,1.98556,0.35400000000000004,0.0
-1.2,52.948800000000006,2.48825,0.327,1.0
0.0,52.952799999999996,1.67896,0.343,0.0
0.0,56.5544,1.84252,0.40900000000000003,0.0
-1.2,49.3432,2.73591,0.316,1.0
0.0,52.9448,1.17286,0.327,0.0
0.0,54.144,2.3051700000000004,0.35800000000000004,0.0
0.0,51.7536,2.2255900000000004,0.339,0.0
-1.27488,48.132,2.9496499999999997,0.35500000000000004,1.0
0.0,54.144,0.8356199999999999,0.34900000000000003,0.0
0.0,54.144,1.26383,0.381,0.0
0.0,54.144,2.1312,0.362,0.0
0.0,47.251200000000004,2.75094,0.29,0.0
0.0,50.5384,1.183,0.35000000000000003,0.0
0.0,55.3512,1.69303,0.363,0.0
-0.07488,51.7576,3.5676900000000002,0.367,0.0
0.0,61.595200000000006,1.9886000000000001,0.419,0.0
0.0,50.534400000000005,1.32916,0.318,0.0
0.0,54.152,1.13173,0.36500000000000005,0.0
-0.07488,49.331199999999995,2.50877,0.334,0.0
0.0,52.9448,1.77976,0.35400000000000004,0.0
0.0,51.7576,1.67426,0.34800000000000003,0.0
-0.07488,50.554399999999994,2.14483,0.313,0.0
0.0,54.147999999999996,0.8262799999999999,0.377,0.0
0.0,54.144,1.2417500000000001,0.385,0.0
0.0,51.745599999999996,1.99686,0.334,0.0
0.0,54.147999999999996,1.63713,0.37300000000000005,0.0
0.0,54.144,1.11798,0.37100000000000005,0.0
-1.2,56.5544,0.88965,0.384,1.0
0.0,51.741600000000005,1.45158,0.359,0.0
0.0,52.940799999999996,1.2453599999999998,0.36400000000000005,0.0
0.0,50.534400000000005,1.33483,0.34,0.0
0.0,54.144,1.63211,0.36300000000000004,0.0
-0.07488,50.5424,2.25256,0.334,0.0
-0.07488,50.5344,1.7530000000000001,0.363,0.0
-0.07488,51.73759999999999,1.7640099999999999,0.36700000000000005,0.0
0.0,50.534400000000005,1.38326,0.328,0.0
-0.07488,50.5344,1.22449,0.332,0.0
0.0,51.7376,0.8505600000000002,0.329,0.0
0.0,58.9568,1.59329,0.38500000000000006,0.0
-0.07488,52.9528,1.2758999999999998,0.34,0.0
0.0,54.7328,1.75861,0.35600000000000004,0.0
0.0,54.144,1.49221,0.36900000000000005,0.0
0.0,48.128,1.28328,0.311,0.0
0.0,54.16799999999999,1.28777,0.35300000000000004,0.0
0.0,55.3472,1.75119,0.39899999999999997,0.0
0.0,56.3392,1.8872699999999996,0.35300000000000004,0.0
0.0,56.6608,1.5444000000000002,0.433,0.0
-1.2,51.480000000000004,1.14091,0.319,1.0
0.0,54.4136,1.19344,0.39100000000000007,0.0
0.0,50.8856,2.70556,0.36700000000000005,0.0
0.0,51.739999999999995,1.37703,0.325,0.0
0.0,47.8608,2.5249300000000003,0.335,0.0
0.0,55.0136,2.37386,0.34299999999999997,0.0
-1.27488,50.7624,2.4853300000000003,0.316,1.0
0.0,53.5336,1.9210300000000002,0.375,0.0
0.0,54.144,1.21923,0.397,0.0
0.0,51.4544,1.87926,0.363,0.0
0.0,57.7536,1.15513,0.37700000000000006,0.0
0.0,53.571200000000005,0.7751600000000001,0.343,0.0
-0.07488,51.73759999999999,0.581,0.34,0.0
0.0,55.3472,0.8978,0.34900000000000003,0.0
0.0,51.741600000000005,1.06357,0.338,0.0
0.0,54.1584,1.1485,0.332,0.0
0.0,52.381600000000006,2.12858,0.3,0.0
0.0,54.760000000000005,0.5908,0.35800000000000004,0.0
0.0,54.156,1.64675,0.37900000000000006,0.0
0.0,57.8672,1.45814,0.35700000000000004,0.0
0.0,54.144,0.7232800000000001,0.36700000000000005,0.0
0.0,54.152,0.8156,0.341,0.0
0.0,52.9448,0.9905,0.35500000000000004,0.0
-0.07488,54.151999999999994,1.51956,0.34,0.0
0.0,54.152,1.4008299999999998,0.33999999999999997,0.0
0.0,58.2008,2.16608,0.37,0.0
0.0,52.9728,1.9580099999999998,0.30300000000000005,0.0
0.0,56.180800000000005,1.08348,0.334,0.0
0.0,54.144,0.81453,0.328,0.0
0.0,52.940799999999996,0.8358300000000001,0.314,0.0
0.0,54.144,1.082,0.341,0.0
-0.07488,54.144,0.6520699999999999,0.331,0.0
0.0,54.1752,1.10972,0.36200000000000004,0.0
0.0,55.176,1.0044,0.34600000000000003,0.0
0.0,55.355199999999996,1.048,0.354,0.0
-2.0,54.8368,0.7326,0.372,0.0
-2.0,52.9448,0.5842799999999999,0.35200000000000004,0.0
-2.0,53.1552,1.5538699999999999,0.372,0.0
-2.0,57.7576,1.1301299999999999,0.365,0.0
-2.0,55.3512,0.9170200000000001,0.328,0.0
-2.07488,54.144,0.7029000000000001,0.334,0.0
-2.0,54.144,1.1646,0.35200000000000004,0.0
-2.0,52.940799999999996,1.07941,0.36,0.0
-2.07488,52.940799999999996,0.9737299999999999,0.318,0.0
-2.0,52.4088,1.2345000000000002,0.325,0.0
-2.0,51.0944,0.8281700000000001,0.327,0.0
-2.0,56.004000000000005,1.34354,0.332,0.0
-2.0,56.550399999999996,0.94516,0.364,0.0
-2.0,54.156,1.36902,0.339,0.0
-2.0,51.7376,1.07228,0.321,0.0
-2.0,51.7376,0.4475,0.319,0.0
-2.0,54.151999999999994,1.10496,0.342,0.0
-2.0,51.596000000000004,1.3305,0.316,0.0
-2.0,54.144,1.13567,0.35500000000000004,0.0
-2.0744,52.947199999999995,1.03915,0.317,0.0
-2.0,53.424,1.0008,0.324,0.0
-2.0,55.0496,1.3441699999999999,0.34600000000000003,0.0
-2.0,50.534400000000005,0.9631700000000001,0.303,0.0
-2.0,52.9568,1.1935,0.326,0.0
-2.0,53.068799999999996,1.63687,0.35900000000000004,0.0
-2.0,56.5624,1.02908,0.35600000000000004,0.0
-2.0,52.22880000000001,0.80366,0.295,0.0
-2.0,54.891999999999996,1.3205999999999998,0.35000000000000003,0.0
-2.0,54.16,1.28833,0.34600000000000003,0.0
-2.0,49.8064,0.6455,0.327,0.0
-2.0,54.5624,0.5800000000000001,0.334,0.0
-2.0,55.3472,0.687,0.34900000000000003,0.0
-2.0,56.0504,0.69969,0.326,0.0
-2.0,49.7608,0.73275,0.315,0.0
-2.0,54.168,1.0136,0.319,0.0
-2.0,54.144,0.862,0.343,0.0
-2.0,54.144,1.04975,0.35200000000000004,0.0
-2.0,46.2656,0.8395,0.285,0.0
-3.27488,33.6896,0.9405,0.197,1.0
-2.07488,31.2832,0.8245,0.195,0.0
-2.0,32.4904,0.7693400000000001,0.212,0.0
-2.0,32.486399999999996,1.0155,0.22000000000000003,0.0
-2.07488,31.2832,1.0945,0.195,0.0
-2.0,32.486399999999996,1.06433,0.22199999999999998,0.0
-2.0,34.2376,0.8684999999999999,0.22,0.0
-2.14976,30.08,0.39899999999999997,0.189,0.0
-2.0,32.486399999999996,1.123,0.211,0.0
-2.0744,31.2856,0.553,0.21,0.0
-2.0,31.946399999999997,0.8245,0.21200000000000002,0.0
-2.0,31.946399999999997,1.15267,0.21200000000000002,0.0
-2.0,34.8928,0.9910000000000001,0.235,0.0
-6.87328,31.291199999999996,1.7449999999999999,0.20900000000000002,4.0
-2.0,32.486399999999996,0.832,0.211,0.0
-2.0,32.486399999999996,1.1205,0.221,0.0
-2.07488,31.2872,0.635,0.188,0.0
-2.0,32.4944,0.99617,0.20600000000000002,0.0
-2.07488,31.2832,0.9964999999999999,0.215,0.0
-4.4,32.486399999999996,1.5510000000000002,0.22,2.0
-2.0,32.486399999999996,0.5700000000000001,0.22599999999999998,0.0
-2.0,32.486399999999996,0.96333,0.22399999999999998,0.0
-2.0,32.486399999999996,0.8145,0.235,0.0
-3.2,32.486399999999996,1.018,0.21,1.0
-2.0,32.486399999999996,1.1179999999999999,0.226,0.0
-2.0,32.486399999999996,0.9415,0.22299999999999998,0.0
-2.0,32.486399999999996,0.9075,0.211,0.0
-2.0,32.486399999999996,0.5800000000000001,0.212,0.0
-2.07488,31.2832,0.7525,0.207,0.0
-2.14976,30.08,0.5695000000000001,0.191,0.0
-2.0,32.486399999999996,0.6005,0.22599999999999998,0.0
-2.0,32.486399999999996,0.636,0.214,0.0
-2.0,32.6984,1.151,0.22699999999999998,0.0
-4.54976,30.217599999999997,1.83267,0.218,2.0
-2.0,32.5064,1.50983,0.21500000000000002,0.0
-2.0,32.502399999999994,2.09683,0.21100000000000002,0.0
-2.07488,31.2832,1.40167,0.219,0.0
-2.0,32.486399999999996,1.576,0.215,0.0
-2.0,32.4904,1.328,0.202,0.0
-2.0,32.486399999999996,1.018,0.202,0.0
-2.07488,30.706400000000002,1.37,0.2,0.0
-2.0,32.486399999999996,1.98933,0.22599999999999998,0.0
-2.0,32.486399999999996,2.17033,0.237,0.0
-5.7352,30.1528,1.3055800000000002,0.201,3.0
-2.0,32.486399999999996,1.66,0.202,0.0
-2.0,32.486399999999996,1.62842,0.22599999999999998,0.0
-2.0,32.4904,1.72583,0.215,0.0
-2.0,32.486399999999996,1.43117,0.202,0.0
-2.0,32.486399999999996,1.4543300000000001,0.22599999999999998,0.0
-2.0,31.868000000000002,2.17483,0.20800000000000002,0.0
-2.0,32.4904,1.8054999999999999,0.193,0.0
-2.21008,28.9496,1.35583,0.20600000000000002,0.0
-2.0,32.486399999999996,1.83667,0.214,0.0
-2.0,32.4904,1.38267,0.214,0.0
-2.0,32.486399999999996,1.89067,0.192,0.0
-2.0,32.490399999999994,1.7313299999999998,0.214,0.0
-2.07488,31.240000000000002,2.2911599999999996,0.241,0.0
-2.07488,31.2832,1.54166,0.20700000000000002,0.0
-2.0,32.486399999999996,1.9086600000000002,0.21699999999999997,0.0
-2.0,33.7248,1.41967,0.221,0.0
-2.0,31.9144,2.27041,0.203,0.0
-2.0,32.4944,1.8918300000000001,0.201,0.0
-2.07488,31.2952,1.49525,0.197,0.0
-2.07488,31.2832,1.62033,0.216,0.0
-2.0,32.4904,2.12532,0.21899999999999997,0.0
-2.07488,31.2872,1.39009,0.20500000000000002,0.0
-2.0,32.486399999999996,1.76199,0.22299999999999998,0.0
-2.14976,30.083999999999996,1.3318299999999998,0.20400000000000001,0.0
-2.0,32.486399999999996,1.70334,0.211,0.0
-2.07488,31.2832,1.77866,0.216,0.0
-2.0,32.4904,1.35167,0.20700000000000002,0.0
-2.14816,30.092,1.669,0.195,0.0
-2.0,32.4944,2.7190199999999995,0.22400000000000003,0.0
-2.0,32.486399999999996,1.602,0.22299999999999998,0.0
-3.2,32.4888,2.03633,0.215,1.0
-2.0,32.4944,3.5291699999999997,0.226,0.0
0.0,84.5232,4.58884,0.45799999999999996,0.0
0.0,109.512,3.40323,0.58,0.0
-0.07488,85.4312,2.31988,0.47500000000000003,0.0
0.0,85.43520000000001,2.8905399999999997,0.45399999999999996,0.0
-0.14976,86.7936,6.12576,0.46900000000000003,0.0
-0.07488,95.6944,4.0831599999999995,0.554,0.0
0.0,87.8376,2.76425,0.504,0.0
-2.54976,82.888,171.03843,0.47,2.0
2.3981957,105.344,410.04158,0.569,0.0
0.0,86.64240000000001,3.37252,0.497,0.0
0.0,74.292,101.56246,0.41600000000000004,0.0
0.0,51.703199999999995,160.23912,0.307,0.0
0.0,86.66239999999999,3.58648,0.479,0.0
-0.07488,85.2496,3.0307500000000003,0.53,0.0
0.0,94.82159999999999,2.1868,0.511,0.0
-1.75936,33.6896,1.8815,0.231,0.0
-2.0,32.486399999999996,1.97316,0.20099999999999998,0.0
-5.6000004,32.4904,1.7080000000000002,0.21300000000000002,3.0
Reward,Throughput,Latancy,PRBs,Penalty
-11.599999,0.0,0.0,0.005,3.0
-9.2,0.0,0.0,0.0,1.0
-12.8,0.0,0.0,0.0,4.0
-11.599999,0.0,0.0,0.0,3.0
-11.599999,0.0,0.0,0.005,3.0
-10.4,0.0,0.0,0.0,2.0
-10.4,0.0,0.0,0.0,2.0
-11.599999,0.0,0.0,0.0,3.0
-11.6,0.0,0.0,0.0,3.0
-11.6,0.0,0.0,0.0,3.0
-11.599999,0.0,0.0,0.0,3.0
-12.8,0.0,0.0,0.0,4.0
-11.599999,0.0,0.0,0.0,3.0
-12.8,0.0,0.0,0.0,4.0
-11.599999,0.0,0.0,0.0,3.0
-10.4,0.0,0.0,0.0,2.0
-11.599999,0.0,0.0,0.0,3.0
-9.2,0.0,0.0,0.0,1.0
-11.599999,0.0,0.0,0.0,3.0
-12.8,0.0,0.0,0.0,4.0
-11.599999,0.0,0.0,0.0,3.0
-12.8,0.0,0.0,0.0,4.0
-11.599999,0.0,0.0,0.0,3.0
-10.4,0.0,0.0,0.0,2.0
-11.599999,0.0,0.0,0.0,3.0
-11.6,0.0,0.0,0.0,3.0
-12.8,0.0,0.0,0.0,4.0
-11.599999,0.0,0.0,0.0,3.0
-12.8,0.0,0.0,0.0,4.0
-11.599999,0.0,0.0,0.0,3.0
-10.4,0.0,0.0,0.0,2.0
-11.599999,0.0,0.0,0.0,3.0
-11.6,0.0,0.0,0.0,3.0
-10.4,0.0,0.0,0.0,2.0
-10.4,0.0,0.0,0.0,2.0
-9.2,0.0,0.0,0.0,1.0
-10.4,0.0,0.0,0.0,2.0
-9.2,0.0,0.0,0.005,1.0
-8.0,0.0,0.0,0.0,0.0
-10.4,0.0,0.0,0.0,2.0
-11.599999,0.0,0.0,0.0,3.0
-8.0,0.0,0.0,0.0,0.0
-10.4,0.0,0.0,0.005,2.0
-9.2,0.0,0.0,0.0,1.0
-8.0,0.0,0.0,0.0,0.0
-9.2,0.0,0.0,0.0,1.0
-10.4,0.0,0.0,0.0,2.0
-9.2,0.0,0.0,0.0,1.0
-8.0,0.0,0.0,0.0,0.0
-9.2,0.0,0.0,0.0,1.0
-8.0,0.0,0.0,0.0,0.0
-8.0,0.0,0.0,0.0,0.0
-9.2,0.0,0.0,0.0,1.0
-8.0,0.0,0.0,0.0,0.0
-8.0,0.0,0.0,0.0,0.0
-8.0,0.0,0.0,0.0,0.0
-8.0,0.0,0.0,0.0,0.0
-8.0,0.0,0.0,0.0,0.0
-8.0,0.0,0.0,0.0,0.0
-8.0,0.0,0.0,0.0,0.0
-8.0,0.0,0.0,0.0,0.0
-8.0,0.0,0.0,0.0,0.0
-8.0,0.0,0.0,0.0,0.0
-8.0,0.0,0.0,0.0,0.0
-8.0,0.0,0.0,0.0,0.0
-8.0,0.0,0.0,0.0,0.0
-8.0,0.0,0.0,0.005,0.0
-8.0,0.0,0.0,0.0,0.0
-8.0,0.0,0.0,0.0,0.0
-8.0,0.0,0.0,0.0,0.0
-8.0,0.0,0.0,0.0,0.0
-8.0,0.0,0.0,0.0,0.0
-8.0,0.0,0.0,0.005,0.0
-8.0,0.0,0.0,0.0,0.0
-8.0,0.0,0.0,0.0,0.0
-7.99952,0.0024,0.0,0.005,0.0
-8.0,0.0,0.0,0.0,0.0
-7.99952,0.0024,0.0,0.005,0.0
-8.0,0.0,0.0,0.0,0.0
-8.0,0.0,0.0,0.0,0.0
-8.0,0.0,0.0,0.0,0.0
-7.9990396,0.0048,0.0,0.01,0.0
-8.0,0.0,0.0,0.0,0.0
-8.0,0.0,0.0,0.005,0.0
-8.0,0.0,0.0,0.0,0.0
-9.19952,0.0024,0.0,0.005,1.0
-7.94112,0.2944,0.0,0.011,0.0
-2.0,37.0056,2.06333,0.582,0.0
-2.31472,30.083999999999996,1.459,0.393,0.0
-2.0,32.4888,2.1189999999999998,0.406,0.0
-3.27488,31.291199999999996,2.356,0.382,1.0
-2.07488,31.2872,2.034,0.381,0.0
-2.14976,30.088,2.2845,0.385,0.0
-2.0,32.4944,1.971,0.387,0.0
-2.07488,31.2832,1.9005,0.356,0.0
-2.0,32.490399999999994,2.16633,0.451,0.0
-2.0,32.4944,1.471,0.385,0.0
-2.03984,31.458399999999997,1.9175,0.352,0.0
-2.07248,31.2952,1.7610000000000001,0.33,0.0
-2.0,32.5104,1.933,0.387,0.0
-2.0,32.490399999999994,0.0,0.349,0.0
-2.0,32.5064,1.88517,0.369,0.0
-2.0,32.4984,1.24,0.327,0.0
-2.0,32.4944,1.048,0.356,0.0
-2.0,32.5192,2.9435000000000002,0.32,0.0
-2.0,32.486399999999996,0.0,0.35,0.0
-3.2,32.486399999999996,0.494,0.37,1.0
-2.0,32.486399999999996,0.0,0.341,0.0
-2.14816,30.087999999999997,0.079,0.344,0.0
-2.0,32.490399999999994,2.08,0.355,0.0
-2.0,32.486399999999996,2.0085,0.319,0.0
-2.0,32.486399999999996,0.522,0.334,0.0
-2.0,32.486399999999996,0.431,0.268,0.0
-2.0,32.486399999999996,1.008,0.278,0.0
-2.0,32.486399999999996,0.0,0.334,0.0
-2.07488,31.2832,0.1,0.264,0.0
-2.0,32.490399999999994,1.3295,0.268,0.0
-3.2,32.486399999999996,1.0470000000000002,0.278,1.0
-2.0,32.490399999999994,0.0,0.255,0.0
-2.07488,31.2832,0.0,0.248,0.0
-2.2448,30.4336,2.934,0.246,0.0
-4.4,32.486399999999996,0.0,0.278,2.0
-2.0,32.486399999999996,0.0,0.268,0.0
-2.0,32.4944,0.782,0.271,0.0
-2.0,32.490399999999994,1.212,0.254,0.0
-3.34976,30.08,0.026,0.258,1.0
-2.0,32.486399999999996,0.0,0.226,0.0
-2.0,32.486399999999996,0.499,0.226,0.0
-2.0,32.4944,0.428,0.213,0.0
-2.0,32.4904,0.669,0.207,0.0
-2.14976,30.08,0.0,0.207,0.0
-2.0,32.490399999999994,0.434,0.20400000000000001,0.0
-2.07328,31.291199999999996,1.3410000000000002,0.195,0.0
-3.2,32.486399999999996,0.448,0.214,1.0
-2.07328,31.291199999999996,0.037,0.234,0.0
-2.07408,31.291199999999996,1.0,0.221,0.0
-2.0,32.4944,0.878,0.217,0.0
-2.0,32.4944,0.742,0.199,0.0
-2.07488,32.4904,0.024,0.214,0.0
-2.0,32.486399999999996,0.891,0.204,0.0
-2.0,32.4928,0.0,0.199,0.0
-2.0,32.486399999999996,0.5660000000000001,0.201,0.0
-2.0,32.486399999999996,1.242,0.191,0.0
-2.0,32.486399999999996,1.155,0.21100000000000002,0.0
-2.0,33.6896,0.501,0.201,0.0
-2.0,32.486399999999996,0.841,0.21100000000000002,0.0
-2.0,32.486399999999996,0.583,0.21000000000000002,0.0
-2.0,32.486399999999996,0.637,0.201,0.0
-2.0,32.486399999999996,0.765,0.2,0.0
-2.0,32.4944,0.698,0.197,0.0
-3.2,32.4928,0.951,0.23099999999999998,1.0
-2.0,32.4904,0.863,0.191,0.0
-2.14976,30.08,0.0,0.16999999999999998,0.0
-2.0,32.4904,0.584,0.191,0.0
-2.0,32.486399999999996,0.789,0.203,0.0
-2.0,32.486399999999996,1.075,0.20800000000000002,0.0
-2.0,32.4904,0.45,0.191,0.0
-2.0,32.486399999999996,1.233,0.203,0.0
-2.0,32.486399999999996,0.6,0.241,0.0
-2.0,32.4904,1.0699999999999998,0.187,0.0
-2.0,32.486399999999996,1.019,0.203,0.0
-2.0,32.486399999999996,0.573,0.207,0.0
-2.0,32.486399999999996,0.499,0.181,0.0
-2.0,32.486399999999996,0.692,0.203,0.0
-2.0,32.4904,0.394,0.181,0.0
-2.0,32.486399999999996,1.265,0.203,0.0
-2.14976,30.08,0.0,0.191,0.0
-2.14896,30.083999999999996,0.72,0.178,0.0
-2.0,32.4904,1.581,0.203,0.0
-3.2,32.486399999999996,1.37,0.20800000000000002,1.0
-2.0,32.4944,0.781,0.20800000000000002,0.0
-2.0,32.486399999999996,2.0645,0.21900000000000003,0.0
-2.0,32.486399999999996,2.2357500000000003,0.22900000000000004,0.0
-2.0,32.4904,1.3419999999999999,0.22200000000000003,0.0
-2.0,32.486399999999996,1.008,0.193,0.0
-2.0,32.486399999999996,0.448,0.213,0.0
-2.0,32.486399999999996,0.6040000000000001,0.203,0.0
-2.0,32.4944,0.8920000000000001,0.215,0.0
-2.0,32.4904,0.7525,0.193,0.0
-2.0,32.486399999999996,1.213,0.224,0.0
-2.0,32.4944,0.597,0.191,0.0
-2.0,32.486399999999996,0.377,0.203,0.0
-2.0,32.4904,0.37399999999999994,0.191,0.0
-2.0,32.486399999999996,0.416,0.191,0.0
-2.0,32.486399999999996,0.503,0.203,0.0
-3.2,32.486399999999996,0.531,0.191,1.0
-2.0,32.490399999999994,0.885,0.20500000000000002,0.0
-2.0,32.486399999999996,0.435,0.205,0.0
-2.07488,31.2832,0.891,0.197,0.0
-2.0,32.486399999999996,0.79,0.205,0.0
-2.0,32.486399999999996,1.2029999999999998,0.193,0.0
-2.0,32.486399999999996,0.48,0.203,0.0
-2.0,32.486399999999996,0.46,0.193,0.0
-2.07488,31.2872,0.508,0.197,0.0
-2.0,32.486399999999996,0.0,0.222,0.0
-2.07488,32.4864,0.127,0.203,0.0
Reward,Throughput,Latancy,PRBs,Penalty
-8.4,0.0,0.0,0.0,2.0
-8.4,0.0,0.0,0.0,2.0
-7.2,0.0,0.0,0.0,1.0
-9.6,0.0,0.0,0.0,3.0
-8.4,0.0,0.0,0.0,2.0
-6.0,0.0,0.0,0.0,0.0
-9.6,0.0,0.0,0.0,3.0
-7.2,0.0,0.0,0.0,1.0
-8.4,0.0,0.0,0.0,2.0
-7.2,0.0,0.0,0.0,1.0
-7.2,0.0,0.0,0.0,1.0
-8.4,0.0,0.0,0.0,2.0
-9.6,0.0,0.0,0.0,3.0
-7.2,0.0,0.0,0.0,1.0
-9.6,0.0,0.0,0.0,3.0
-7.2,0.0,0.0,0.0,1.0
-7.2,0.0,0.0,0.0,1.0
-8.4,0.0,0.0,0.0,2.0
-7.2,0.0,0.0,0.0,1.0
-6.0,0.0,0.0,0.0,0.0
-6.0,0.0,0.0,0.0,0.0
-6.0,0.0,0.0,0.0,0.0
-7.2,0.0,0.0,0.0,1.0
-6.0,0.0,0.0,0.0,0.0
-7.2,0.0,0.0,0.0,1.0
-6.0,0.0,0.0,0.0,0.0
-7.2,0.0,0.0,0.0,1.0
-6.0,0.0,0.0,0.0,0.0
-6.0,0.0,0.0,0.0,0.0
-6.0,0.0,0.0,0.0,0.0
-6.0,0.0,0.0,0.0,0.0
-6.0,0.0,0.0,0.0,0.0
-6.0,0.0,0.0,0.0,0.0
-7.2,0.0,0.0,0.0,1.0
-6.0,0.0,0.0,0.0,0.0
-6.0,0.0,0.0,0.0,0.0
-6.0,0.0,0.0,0.0,0.0
-6.0,0.0,0.0,0.0,0.0
-6.0,0.0,0.0,0.0,0.0
-8.4,0.0,0.0,0.0,2.0
-6.0,0.0,0.0,0.005,0.0
-6.0,0.0,0.0,0.0,0.0
-6.0,0.0,0.0,0.0,0.0
-6.0,0.0,0.0,0.0,0.0
-6.0,0.0,0.0,0.0,0.0
-6.0,0.0,0.0,0.0,0.0
-7.2,0.0,0.0,0.0,1.0
-6.0,0.0,0.0,0.0,0.0
-6.0,0.0,0.0,0.0,0.0
-6.0,0.0,0.0,0.0,0.0
-6.0,0.0,0.0,0.0,0.0
-4.0,10.8288,0.37129,0.151,0.0
-4.0748796,9.6256,1.3051700000000002,0.084,0.0
-4.0,10.832799999999999,0.34875,0.084,0.0
-4.0,10.8288,0.54671,0.074,0.0
-4.0,10.8288,1.21317,0.063,0.0
-4.0,10.8288,0.45970999999999995,0.065,0.0
-4.0,10.8288,0.36371,0.082,0.0
-4.0748796,9.6256,0.253,0.079,0.0
-4.0,10.8288,0.40932999999999997,0.086,0.0
-4.0,10.832799999999999,0.57925,0.086,0.0
-4.0,10.8288,0.36167,0.086,0.0
-4.0,10.8288,0.38986000000000004,0.086,0.0
-4.0,10.8288,0.38814,0.072,0.0
Reward,Throughput,Latancy,PRBs,Penalty
-2.4,32.486399999999996,1.24725,0.21300000000000002,2.0
-2.4,33.6896,1.7302499999999998,0.217,2.0
-1.2,32.4904,1.51505,0.199,1.0
-3.67488,32.4944,1.39058,0.202,3.0
-2.4748802,31.2832,1.7882500000000001,0.197,2.0
-2.4,32.486399999999996,1.4142499999999998,0.194,2.0
-3.6000001,32.4904,1.52355,0.20400000000000001,3.0
-1.34816,30.096,1.867,0.186,1.0
-2.4,33.6896,1.356,0.198,2.0
-2.4,33.7024,1.74355,0.21200000000000002,2.0
-1.34976,30.088,1.75754,0.198,1.0
-2.4,32.4904,1.4373999999999998,0.203,2.0
-3.67488,31.2832,1.18875,0.176,3.0
-1.2,33.6896,1.53875,0.208,1.0
-3.6748803,31.2872,2.19048,0.186,3.0
-2.4,32.490399999999994,1.26742,0.178,2.0
-1.2,32.486399999999996,1.4358300000000002,0.202,1.0
-2.4,32.4984,1.37783,0.2,2.0
-1.27488,31.2872,1.46315,0.191,1.0
0.0,32.486399999999996,1.02125,0.201,0.0
-0.14976,30.084,1.45942,0.188,0.0
0.0,32.486399999999996,1.40375,0.19,0.0
0.0,32.4904,1.6446,0.20099999999999998,0.0
0.0,32.486399999999996,1.23625,0.199,0.0
-1.2,32.4904,1.30335,0.198,1.0
0.0,32.486399999999996,1.3839199999999998,0.22899999999999998,0.0
-0.07488,31.2832,1.31593,0.21400000000000002,0.0
0.0,34.8968,1.45265,0.232,0.0
0.0,32.486399999999996,1.4578,0.211,0.0
0.0,32.486399999999996,1.3145,0.221,0.0
-0.14976,30.08,1.44309,0.198,0.0
0.0,34.892799999999994,1.407,0.225,0.0
0.0,33.6896,1.16125,0.21100000000000002,0.0
0.0,32.486399999999996,1.5787,0.213,0.0
0.0,32.4904,1.392,0.204,0.0
-0.07488,31.2832,1.6595,0.214,0.0
0.0,32.490399999999994,1.4865499999999998,0.252,0.0
-0.07488,33.6896,1.40948,0.313,0.0
-0.07488,31.2832,1.15158,0.302,0.0
-1.2,32.486399999999996,1.18575,0.31,1.0
-0.14976,30.08,1.67633,0.28500000000000003,0.0
0.0,32.4984,1.7797,0.28300000000000003,0.0
-0.07488,32.4944,1.78268,0.29,0.0
0.0,32.4904,1.6782000000000001,0.236,0.0
-0.14896,30.083999999999996,1.64725,0.204,0.0
0.0,32.486399999999996,1.4518,0.209,0.0
-1.2,33.697599999999994,1.3541699999999999,0.196,1.0
0.0,32.486399999999996,1.24575,0.202,0.0
0.0,34.8968,1.89575,0.20800000000000002,0.0
0.0,32.4944,1.3619999999999999,0.187,0.0
0.0,32.486399999999996,1.35275,0.18,0.0
0.0,32.486399999999996,1.617,0.181,0.0
-0.07488,31.2832,2.2447,0.193,0.0
-0.07248,31.2952,1.7219200000000001,0.187,0.0
0.0,32.486399999999996,1.319,0.255,0.0
-1.2,32.486399999999996,1.46505,0.247,1.0
-1.2,32.5024,1.61333,0.256,1.0
0.0,32.4904,1.5921,0.218,0.0
-0.14976,30.08,1.6534999999999997,0.198,0.0
0.0,33.6896,1.2373999999999998,0.217,0.0
-1.2,34.8928,1.13285,0.23299999999999998,1.0
-0.0744,31.2856,1.47983,0.189,0.0
0.0,32.486399999999996,1.58365,0.2,0.0
-0.07488,31.2832,1.29355,0.183,0.0
0.0,32.4904,1.2071,0.20400000000000001,0.0
0.0,32.4984,1.43735,0.199,0.0
0.0,32.4984,1.2786,0.203,0.0
0.0,32.486399999999996,1.35785,0.203,0.0
-0.07488,31.2832,1.34775,0.209,0.0
0.0,32.486399999999996,1.5476,0.20400000000000001,0.0
0.0,34.9008,1.3836,0.21400000000000002,0.0
0.0,32.4944,1.3979,0.197,0.0
-0.07488,31.2872,1.35425,0.175,0.0
0.0,33.6936,1.2610999999999999,0.199,0.0
-0.3904,28.876799999999996,1.22715,0.19,0.0
-2.4,32.486399999999996,1.0818,0.19,2.0
-0.31472,30.087999999999997,1.6214199999999999,0.181,0.0
-0.14816,30.088,1.8634199999999999,0.19,0.0
0.0,32.486399999999996,0.7837500000000001,0.215,0.0
0.0,32.5024,1.56582,0.20400000000000001,0.0
-1.27488,32.4984,1.35215,0.178,1.0
-0.07488,32.486399999999996,1.3936499999999998,0.192,0.0
0.0,33.6896,1.24735,0.208,0.0
-1.27488,31.2872,1.8266,0.185,1.0
0.0,33.6976,1.57183,0.206,0.0
-0.07408,31.2872,1.4786,0.183,0.0
0.0,32.4944,1.6347999999999998,0.197,0.0
0.0,32.486399999999996,1.2858,0.20400000000000001,0.0
0.0,32.486399999999996,1.5033999999999998,0.209,0.0
-1.2,32.490399999999994,1.0118999999999998,0.223,1.0
0.0,32.486399999999996,1.6151,0.222,0.0
0.0,32.486399999999996,1.1638,0.2,0.0
0.0,32.486399999999996,1.3344999999999998,0.20400000000000001,0.0
0.0,32.486399999999996,1.56955,0.201,0.0
0.0,33.6896,1.11975,0.21600000000000003,0.0
0.0,33.6896,1.3516000000000001,0.217,0.0
0.0,32.486399999999996,1.2858999999999998,0.21,0.0
0.0,32.486399999999996,1.4464199999999998,0.21800000000000003,0.0
-0.14976,30.08,1.6955899999999997,0.218,0.0
-0.07488,32.4864,1.28855,0.18,0.0
0.0,32.4904,1.6759000000000002,0.19999999999999998,0.0
0.0,32.486399999999996,1.3795,0.22699999999999998,0.0
0.0,32.486399999999996,1.445,0.224,0.0
0.0,32.4944,1.54108,0.242,0.0
-0.07488,31.2832,1.4529999999999998,0.20699999999999996,0.0
0.0,32.486399999999996,1.47092,0.23399999999999999,0.0
0.0,32.486399999999996,1.4855,0.22599999999999998,0.0
-0.14976,30.08,2.48849,0.211,0.0
0.0,31.6672,2.2019,0.224,0.0
0.0,32.486399999999996,1.157,0.22399999999999998,0.0
-2.07488,31.2832,1.48225,0.196,0.0
-3.34976,30.08,1.117,0.178,1.0
-2.07488,31.2872,1.48178,0.20700000000000002,0.0
-4.47488,31.2832,1.7906300000000002,0.205,2.0
-3.2,32.486399999999996,1.36375,0.22,1.0
-3.2,32.486399999999996,1.2868499999999998,0.21000000000000002,1.0
-2.07488,31.2832,1.2905,0.203,0.0
-3.2,32.486399999999996,1.464,0.219,1.0
-5.67488,31.2832,1.88591,0.21000000000000002,3.0
-3.2,32.486399999999996,1.38525,0.219,1.0
-3.3492799,30.0824,1.70957,0.2,1.0
-2.0,32.486399999999996,1.3635,0.219,0.0
-5.91552,30.083999999999996,1.12125,0.198,3.0
-5.67488,31.2832,1.3804999999999998,0.191,3.0
-5.6000004,32.486399999999996,1.4962,0.211,3.0
-5.67488,31.2872,1.4753,0.20700000000000002,3.0
0.0,43.3152,2.16025,0.304,0.0
-1.27488,42.112,1.4669999999999999,0.274,1.0
-1.2,43.3192,2.02442,0.28200000000000003,1.0
-2.4,43.3152,2.2327500000000002,0.274,2.0
-1.27488,43.3152,1.795,0.295,1.0
-1.27488,42.112,1.82992,0.292,1.0
-1.34896,40.912800000000004,2.0425,0.253,1.0
-2.4,44.5184,1.8008,0.315,2.0
-1.2,45.108000000000004,2.21612,0.303,1.0
-1.51552,40.928799999999995,2.58346,0.267,1.0
-0.07488,43.315200000000004,1.84235,0.29200000000000004,0.0
-1.2,45.096000000000004,2.10625,0.305,1.0
0.0,45.7256,2.164,0.321,0.0
-0.07488,44.51839999999999,1.9749199999999998,0.268,0.0
-0.0744,43.3176,3.5022499999999996,0.306,0.0
-0.14896,40.9128,2.379,0.26799999999999996,0.0
-0.07488,43.315200000000004,1.9355000000000002,0.30100000000000005,0.0
0.0,43.3272,1.81238,0.293,0.0
-0.07488,42.123999999999995,2.47965,0.27399999999999997,0.0
0.0,44.5184,1.75,0.327,0.0
-1.34896,42.116,2.1051,0.257,1.0
-0.31552,40.9168,4.52083,0.263,0.0
-2.4748802,42.116,1.9151000000000002,0.276,2.0
-1.27408,43.32319999999999,2.1056,0.325,1.0
0.0,45.3176,2.81733,0.27399999999999997,0.0
-0.07488,42.112,2.05385,0.3,0.0
0.0,43.3152,1.8988500000000001,0.325,0.0
-1.2,43.3152,1.8653499999999998,0.331,1.0
-1.27488,42.112,3.0889999999999995,0.314,1.0
0.0,43.3152,2.0220499999999997,0.301,0.0
0.0,43.3232,2.0731,0.28200000000000003,0.0
-0.07488,42.112,2.4616700000000002,0.27,0.0
-0.07488,41.6528,2.04765,0.30000000000000004,0.0
-0.07488,42.112,1.74367,0.311,0.0
0.0,43.3152,1.7067500000000002,0.301,0.0
-0.07488,41.38,2.8089500000000003,0.274,0.0
0.0,43.3232,1.8310199999999999,0.301,0.0
0.0,44.5224,2.79718,0.302,0.0
-0.14928,40.9112,2.4437499999999996,0.263,0.0
0.0,43.3232,1.5144199999999999,0.298,0.0
0.0,43.3152,2.12215,0.312,0.0
0.0,43.3192,1.7948,0.303,0.0
0.0,43.3192,2.12323,0.304,0.0
0.0,44.526399999999995,2.3966499999999997,0.28400000000000003,0.0
0.0,43.3152,1.8147,0.3,0.0
0.0,42.7656,2.04268,0.292,0.0
0.0,43.3232,2.06085,0.28600000000000003,0.0
0.0,43.3192,1.87755,0.268,0.0
-0.31472,42.116,2.2826,0.272,0.0
-0.27344,40.2904,2.88788,0.278,0.0
0.0,45.72559999999999,1.75555,0.309,0.0
0.0,43.3192,2.0126,0.29000000000000004,0.0
-0.63104,37.8512,2.47425,0.247,0.0
0.0,43.319199999999995,2.1673999999999998,0.288,0.0
-0.07488,42.12,2.18362,0.301,0.0
-0.3904,39.7176,2.77938,0.34800000000000003,0.0
-0.07408,42.116,2.1463,0.392,0.0
0.0,43.3152,2.2437000000000005,0.337,0.0
-0.3904,39.7056,2.32083,0.253,0.0
0.0,43.3152,1.6654499999999999,0.28600000000000003,0.0
0.0,44.5184,1.57925,0.29200000000000004,0.0
0.0,43.3152,1.6955,0.28600000000000003,0.0
0.0,43.3152,1.8404,0.305,0.0
-0.07408,42.724,2.5805,0.318,0.0
-0.14816,40.9168,2.4589,0.273,0.0
-0.07488,43.32319999999999,2.47182,0.274,0.0
0.0,43.3216,1.96905,0.313,0.0
0.0,43.3272,2.11285,0.274,0.0
0.0,43.3152,1.34925,0.285,0.0
0.0,43.32319999999999,1.75755,0.292,0.0
0.0,43.319199999999995,1.9586,0.291,0.0
-0.07488,42.656000000000006,3.2230799999999995,0.29,0.0
0.0,42.779199999999996,1.8117200000000002,0.306,0.0
-0.07488,42.112,1.7249999999999999,0.322,0.0
0.0,43.3272,2.0315000000000003,0.302,0.0
0.0,43.319199999999995,1.7574,0.28900000000000003,0.0
-0.07488,42.116,1.9245,0.279,0.0
0.0,43.3272,2.435,0.28600000000000003,0.0
0.0,43.3232,1.9196499999999999,0.302,0.0
-0.07488,42.112,2.3712500000000003,0.319,0.0
-0.07488,42.112,2.28942,0.278,0.0
-0.07488,42.116,1.7416,0.278,0.0
0.0,43.3272,2.2571700000000003,0.29600000000000004,0.0
0.0,43.313599999999994,1.7774,0.28700000000000003,0.0
0.0,43.319199999999995,2.1795,0.278,0.0
0.0,45.0664,2.0241,0.279,0.0
-1.2,43.3232,1.82327,0.29400000000000004,1.0
0.0,43.327999999999996,2.01454,0.297,0.0
0.0,44.5184,2.022,0.291,0.0
-0.07488,43.3152,1.7930000000000001,0.32,0.0
-0.07488,42.112,2.52607,0.344,0.0
-0.31552,40.9128,2.36613,0.37,0.0
-0.07488,42.1184,1.70075,0.348,0.0
0.0,43.3192,1.5109,0.355,0.0
0.0,42.5768,1.8967899999999998,0.35000000000000003,0.0
0.0,43.057599999999994,2.22115,0.289,0.0
0.0,43.321600000000004,1.6814,0.28800000000000003,0.0
0.0,43.3152,1.8527,0.28600000000000003,0.0
-0.07488,42.112,1.6776,0.271,0.0
-0.0656,43.2888,2.0984,0.28400000000000003,0.0
0.0,44.5184,2.00525,0.30200000000000005,0.0
-0.07488,42.112,1.9386700000000001,0.29900000000000004,0.0
-0.07488,42.112,1.34937,0.311,0.0
0.0,44.5224,1.87415,0.341,0.0
0.0,45.7216,2.56108,0.321,0.0
0.0,43.331199999999995,2.2605299999999997,0.321,0.0
0.0,43.3152,1.9405,0.33999999999999997,0.0
0.0,43.3152,2.01915,0.294,0.0
-0.07488,42.112,2.74258,0.309,0.0
0.0,45.448,1.67725,0.318,0.0
-0.07488,43.9144,1.9726,0.304,0.0
-0.07488,42.116,1.6343999999999999,0.278,0.0
0.0,43.3232,1.72225,0.28400000000000003,0.0
0.0,43.3152,1.6936499999999999,0.272,0.0
0.0,43.3152,1.7650499999999998,0.28500000000000003,0.0
-1.34976,42.112,2.33195,0.28300000000000003,1.0
-0.07488,44.989599999999996,2.09795,0.281,0.0
0.0,43.3272,2.00608,0.28600000000000003,0.0
-0.31552,40.9088,2.63474,0.263,0.0
-0.3904,39.7056,2.28192,0.253,0.0
-0.70592,37.2992,2.18858,0.266,0.0
-0.38959998,39.709599999999995,1.8467500000000001,0.28,0.0
0.0,43.3152,1.5102,0.35600000000000004,0.0
0.0,44.5224,2.81775,0.328,0.0
0.0,44.5184,1.47559,0.35400000000000004,0.0
-0.07488,42.66,1.69775,0.281,0.0
-0.31552,42.136,2.2705,0.31,0.0
-0.14976,40.9088,0.93283,0.273,0.0
-0.07488,42.111999999999995,1.7225000000000001,0.284,0.0
-1.2,45.733599999999996,1.43756,0.319,1.0
-0.07488,42.116,1.62277,0.278,0.0
-1.2,42.715199999999996,1.3468299999999997,0.274,1.0
0.0,43.8024,1.7634999999999998,0.28500000000000003,0.0
0.0,42.5792,1.6516699999999997,0.28300000000000003,0.0
-0.07408,44.44799999999999,2.2257800000000003,0.35200000000000004,0.0
-0.07488,42.112,1.8606599999999998,0.276,0.0
-0.07488,42.112,1.41975,0.29200000000000004,0.0
0.0,45.1344,2.3263800000000003,0.30900000000000005,0.0
-0.31552,42.111999999999995,1.6546699999999999,0.34299999999999997,0.0
0.0,43.32319999999999,1.12708,0.328,0.0
-2.4,43.3152,0.98258,0.287,2.0
-1.2,43.3192,1.28725,0.267,1.0
-0.57328,37.9624,1.6331399999999998,0.264,0.0
-0.2424,44.884,1.83717,0.279,0.0
-1.5904,43.315200000000004,1.44928,0.30300000000000005,1.0
-2.7896,39.709599999999995,1.408,0.274,2.0
